﻿<?xml version="1.0"?>
<doc>
<assembly>
<name>
LostAndFoundAccess
</name>
</assembly>
<members>
<member name="T:LostAndFoundAccess.LostDatabseDataSet.LostTableDataTable">
	<summary>
Represents the strongly named DataTable class.
</summary>
</member><member name="T:LostAndFoundAccess.LostDatabseDataSet.LostTableRow">
	<summary>
Represents strongly named DataRow class.
</summary>
</member><member name="T:LostAndFoundAccess.LostDatabseDataSet.LostTableRowChangeEvent">
	<summary>
Row event argument class
</summary>
</member><member name="T:LostAndFoundAccess.LostDatabseDataSet">
	<summary>
Represents a strongly typed in-memory cache of data.
</summary>
</member><member name="T:LostAndFoundAccess.LostDatabseDataSetTableAdapters.LostTableTableAdapter">
	<summary>
Represents the connection and commands used to retrieve and save data.
</summary>
</member><member name="M:LostAndFoundAccess.LostDatabseDataSetTableAdapters.TableAdapterManager.UpdateUpdatedRows(LostAndFoundAccess.LostDatabseDataSet,System.Collections.Generic.List{System.Data.DataRow},System.Collections.Generic.List{System.Data.DataRow})">
	<summary>
Update rows in top-down order.
</summary>
</member><member name="M:LostAndFoundAccess.LostDatabseDataSetTableAdapters.TableAdapterManager.UpdateInsertedRows(LostAndFoundAccess.LostDatabseDataSet,System.Collections.Generic.List{System.Data.DataRow})">
	<summary>
Insert rows in top-down order.
</summary>
</member><member name="M:LostAndFoundAccess.LostDatabseDataSetTableAdapters.TableAdapterManager.UpdateDeletedRows(LostAndFoundAccess.LostDatabseDataSet,System.Collections.Generic.List{System.Data.DataRow})">
	<summary>
Delete rows in bottom-up order.
</summary>
</member><member name="M:LostAndFoundAccess.LostDatabseDataSetTableAdapters.TableAdapterManager.GetRealUpdatedRows(System.Data.DataRow[],System.Collections.Generic.List{System.Data.DataRow})">
	<summary>
Remove inserted rows that become updated rows after calling TableAdapter.Update(inserted rows) first
</summary>
</member><member name="M:LostAndFoundAccess.LostDatabseDataSetTableAdapters.TableAdapterManager.UpdateAll(LostAndFoundAccess.LostDatabseDataSet)">
	<summary>
Update all changes to the dataset.
</summary>
</member><member name="T:LostAndFoundAccess.LostDatabseDataSetTableAdapters.TableAdapterManager.UpdateOrderOption">
	<summary>
Update Order Option
</summary>
</member><member name="T:LostAndFoundAccess.LostDatabseDataSetTableAdapters.TableAdapterManager.SelfReferenceComparer">
	<summary>
Used to sort self-referenced table's rows
</summary>
</member><member name="T:LostAndFoundAccess.LostDatabseDataSetTableAdapters.TableAdapterManager">
	<summary>
TableAdapterManager is used to coordinate TableAdapters in the dataset to enable Hierarchical Update scenarios
</summary>
</member><member name="T:LostAndFoundAccess.LostDatabase11DataSet.lostTable2DataTable">
	<summary>
Represents the strongly named DataTable class.
</summary>
</member><member name="T:LostAndFoundAccess.LostDatabase11DataSet.lostTable2Row">
	<summary>
Represents strongly named DataRow class.
</summary>
</member><member name="T:LostAndFoundAccess.LostDatabase11DataSet.lostTable2RowChangeEvent">
	<summary>
Row event argument class
</summary>
</member><member name="T:LostAndFoundAccess.LostDatabase11DataSet">
	<summary>
Represents a strongly typed in-memory cache of data.
</summary>
</member><member name="T:LostAndFoundAccess.LostDatabase11DataSetTableAdapters.lostTable2TableAdapter">
	<summary>
Represents the connection and commands used to retrieve and save data.
</summary>
</member><member name="M:LostAndFoundAccess.LostDatabase11DataSetTableAdapters.TableAdapterManager.UpdateUpdatedRows(LostAndFoundAccess.LostDatabase11DataSet,System.Collections.Generic.List{System.Data.DataRow},System.Collections.Generic.List{System.Data.DataRow})">
	<summary>
Update rows in top-down order.
</summary>
</member><member name="M:LostAndFoundAccess.LostDatabase11DataSetTableAdapters.TableAdapterManager.UpdateInsertedRows(LostAndFoundAccess.LostDatabase11DataSet,System.Collections.Generic.List{System.Data.DataRow})">
	<summary>
Insert rows in top-down order.
</summary>
</member><member name="M:LostAndFoundAccess.LostDatabase11DataSetTableAdapters.TableAdapterManager.UpdateDeletedRows(LostAndFoundAccess.LostDatabase11DataSet,System.Collections.Generic.List{System.Data.DataRow})">
	<summary>
Delete rows in bottom-up order.
</summary>
</member><member name="M:LostAndFoundAccess.LostDatabase11DataSetTableAdapters.TableAdapterManager.GetRealUpdatedRows(System.Data.DataRow[],System.Collections.Generic.List{System.Data.DataRow})">
	<summary>
Remove inserted rows that become updated rows after calling TableAdapter.Update(inserted rows) first
</summary>
</member><member name="M:LostAndFoundAccess.LostDatabase11DataSetTableAdapters.TableAdapterManager.UpdateAll(LostAndFoundAccess.LostDatabase11DataSet)">
	<summary>
Update all changes to the dataset.
</summary>
</member><member name="T:LostAndFoundAccess.LostDatabase11DataSetTableAdapters.TableAdapterManager.UpdateOrderOption">
	<summary>
Update Order Option
</summary>
</member><member name="T:LostAndFoundAccess.LostDatabase11DataSetTableAdapters.TableAdapterManager.SelfReferenceComparer">
	<summary>
Used to sort self-referenced table's rows
</summary>
</member><member name="T:LostAndFoundAccess.LostDatabase11DataSetTableAdapters.TableAdapterManager">
	<summary>
TableAdapterManager is used to coordinate TableAdapters in the dataset to enable Hierarchical Update scenarios
</summary>
</member><member name="T:LostAndFoundAccess.Database31DataSet.Table3DataTable">
	<summary>
Represents the strongly named DataTable class.
</summary>
</member><member name="T:LostAndFoundAccess.Database31DataSet.Table3Row">
	<summary>
Represents strongly named DataRow class.
</summary>
</member><member name="T:LostAndFoundAccess.Database31DataSet.Table3RowChangeEvent">
	<summary>
Row event argument class
</summary>
</member><member name="T:LostAndFoundAccess.Database31DataSet">
	<summary>
Represents a strongly typed in-memory cache of data.
</summary>
</member><member name="T:LostAndFoundAccess.Database31DataSetTableAdapters.Table3TableAdapter">
	<summary>
Represents the connection and commands used to retrieve and save data.
</summary>
</member><member name="M:LostAndFoundAccess.Database31DataSetTableAdapters.TableAdapterManager.UpdateUpdatedRows(LostAndFoundAccess.Database31DataSet,System.Collections.Generic.List{System.Data.DataRow},System.Collections.Generic.List{System.Data.DataRow})">
	<summary>
Update rows in top-down order.
</summary>
</member><member name="M:LostAndFoundAccess.Database31DataSetTableAdapters.TableAdapterManager.UpdateInsertedRows(LostAndFoundAccess.Database31DataSet,System.Collections.Generic.List{System.Data.DataRow})">
	<summary>
Insert rows in top-down order.
</summary>
</member><member name="M:LostAndFoundAccess.Database31DataSetTableAdapters.TableAdapterManager.UpdateDeletedRows(LostAndFoundAccess.Database31DataSet,System.Collections.Generic.List{System.Data.DataRow})">
	<summary>
Delete rows in bottom-up order.
</summary>
</member><member name="M:LostAndFoundAccess.Database31DataSetTableAdapters.TableAdapterManager.GetRealUpdatedRows(System.Data.DataRow[],System.Collections.Generic.List{System.Data.DataRow})">
	<summary>
Remove inserted rows that become updated rows after calling TableAdapter.Update(inserted rows) first
</summary>
</member><member name="M:LostAndFoundAccess.Database31DataSetTableAdapters.TableAdapterManager.UpdateAll(LostAndFoundAccess.Database31DataSet)">
	<summary>
Update all changes to the dataset.
</summary>
</member><member name="T:LostAndFoundAccess.Database31DataSetTableAdapters.TableAdapterManager.UpdateOrderOption">
	<summary>
Update Order Option
</summary>
</member><member name="T:LostAndFoundAccess.Database31DataSetTableAdapters.TableAdapterManager.SelfReferenceComparer">
	<summary>
Used to sort self-referenced table's rows
</summary>
</member><member name="T:LostAndFoundAccess.Database31DataSetTableAdapters.TableAdapterManager">
	<summary>
TableAdapterManager is used to coordinate TableAdapters in the dataset to enable Hierarchical Update scenarios
</summary>
</member><member name="P:LostAndFoundAccess.My.Resources.Resources.ResourceManager">
	<summary>
  Returns the cached ResourceManager instance used by this class.
</summary>
</member><member name="P:LostAndFoundAccess.My.Resources.Resources.Culture">
	<summary>
  Overrides the current thread's CurrentUICulture property for all
  resource lookups using this strongly typed resource class.
</summary>
</member><member name="T:LostAndFoundAccess.My.Resources.Resources">
	<summary>
  A strongly-typed resource class, for looking up localized strings, etc.
</summary>
</member>
</members>
</doc>